payment_id,pledge_id,amount,date,status
1,1,147357.33,2025-01-21,Completed
2,5,849.08,2024-09-16,Completed
3,5,849.08,2024-12-15,Completed
4,6,507.71,2024-10-02,Completed
5,6,507.71,2024-12-31,Completed
6,7,2134.54,2024-08-04,Completed
7,7,2134.54,2024-11-02,Completed
8,7,2134.54,2025-01-31,Completed
9,8,927.17,2023-12-02,Completed
10,8,927.17,2024-12-01,Completed
11,9,556.94,2024-11-29,Completed
12,9,556.94,2025-02-27,Completed
13,10,431.85,2024-10-27,Completed
14,10,431.85,2025-01-25,Completed
15,11,546.35,2024-10-18,Completed
16,12,438.7,2024-08-13,Completed
17,13,695.43,2024-07-20,Completed
18,14,436.89,2024-12-01,Completed
19,15,554.85,2024-10-08,Completed
20,16,619.12,2024-08-12,Completed
21,16,619.12,2025-08-12,Completed
22,18,484.76,2024-10-17,Completed
23,18,484.76,2025-01-15,Completed
24,19,615.56,2024-06-28,Completed
25,19,615.56,2024-09-26,Completed
26,19,615.56,2024-12-25,Completed
27,20,1011.58,2023-05-03,Completed
28,20,1011.58,2024-05-02,Completed
29,21,461.78,2024-10-21,Pending
30,22,4205.83,2025-02-22,Pending
31,23,430.36,2023-10-05,Completed
32,23,430.36,2024-01-03,Completed
33,23,430.36,2024-04-02,Completed
34,23,430.36,2024-07-01,Completed
35,23,430.36,2024-09-29,Completed
36,23,430.36,2024-12-28,Completed
37,24,557.64,2024-02-19,Completed
38,24,557.64,2025-02-18,Completed
39,25,4130.75,2025-01-18,Completed
40,26,188.18,2025-01-08,Completed
41,26,188.18,2025-02-07,Completed
42,27,602.32,2025-02-03,Pending
43,28,541.88,2024-08-02,Completed
44,28,541.88,2024-10-31,Completed
45,28,541.88,2025-01-29,Pending
46,30,447.54,2025-02-13,Completed
47,31,5655.03,2025-01-11,Completed
48,32,370.75,2024-02-10,Completed
49,32,370.75,2024-05-10,Completed
50,32,370.75,2024-08-08,Completed
51,32,370.75,2024-11-06,Completed
52,32,370.75,2025-02-04,Pending
53,33,656.73,2023-08-09,Completed
54,35,201.89,2024-05-28,Completed
55,35,201.89,2024-06-27,Completed
56,35,201.89,2024-07-27,Completed
57,35,201.89,2024-08-26,Completed
58,35,201.89,2024-09-25,Completed
59,35,201.89,2024-10-25,Completed
60,35,201.89,2024-11-24,Completed
61,35,201.89,2024-12-24,Completed
62,35,201.89,2025-01-23,Completed
63,35,201.89,2025-02-22,Pending
64,36,425.07,2024-11-17,Completed
65,37,3918.97,2024-08-19,Completed
66,37,3918.97,2024-11-17,Completed
67,37,3918.97,2025-02-15,Pending
68,38,200.14,2024-07-20,Completed
69,38,200.14,2024-08-19,Completed
70,38,200.14,2024-09-18,Completed
71,38,200.14,2024-10-18,Completed
72,38,200.14,2024-11-17,Completed
73,38,200.14,2024-12-17,Completed
74,38,200.14,2025-01-16,Completed
75,38,200.14,2025-02-15,Completed
76,39,740.23,2024-09-01,Completed
77,40,250.73,2024-11-13,Completed
78,40,250.73,2024-12-13,Completed
79,40,250.73,2025-01-12,Completed
80,40,250.73,2025-02-11,Completed
81,41,338.99,2024-12-12,Completed
82,42,510292.47,2025-01-25,Pending
83,43,499.79,2025-01-22,Completed
84,45,85953.34,2023-04-19,Completed
85,47,322.0,2023-07-05,Completed
86,47,322.0,2023-10-03,Completed
87,47,322.0,2024-01-01,Completed
88,47,322.0,2024-03-31,Completed
89,48,448.15,2024-09-13,Completed
90,48,448.15,2024-12-12,Pending
91,49,802.58,2024-10-13,Pending
92,50,452.97,2023-11-06,Completed
93,50,452.97,2024-02-04,Completed
94,50,452.97,2024-05-04,Completed
95,50,452.97,2024-08-02,Completed
96,51,507.46,2024-12-09,Completed
97,52,1422.22,2025-01-12,Completed
98,52,1422.22,2025-02-11,Pending
99,53,428.32,2024-08-20,Completed
100,53,428.32,2024-11-18,Completed
101,53,428.32,2025-02-16,Completed
102,54,608.25,2025-02-13,Completed
103,55,1010.34,2024-09-06,Pending
104,56,584.32,2025-02-08,Pending
105,57,255829.64,2024-12-11,Pending
106,58,57040.64,2024-12-23,Completed
107,58,57040.64,2025-01-22,Completed
108,58,57040.64,2025-02-21,Completed
109,59,573.98,2024-11-21,Pending
110,60,444.44,2024-11-10,Completed
111,60,444.44,2025-02-08,Completed
112,61,862.69,2024-08-31,Completed
113,62,16597.34,2025-01-27,Pending
114,63,393.27,2025-02-22,Completed
115,64,558.14,2024-09-28,Completed
116,64,558.14,2024-12-27,Completed
117,65,1051.35,2024-05-25,Completed
118,66,4478.0,2024-09-26,Completed
119,67,867.37,2024-12-09,Completed
120,68,471.58,2024-10-02,Completed
121,70,330.23,2024-03-07,Completed
122,70,330.23,2024-06-05,Completed
123,70,330.23,2024-09-03,Completed
124,70,330.23,2024-12-02,Completed
125,71,992.56,2024-08-23,Completed
126,72,883.92,2023-02-24,Completed
127,73,115928.42,2023-12-09,Completed
128,73,115928.42,2024-12-08,Pending
129,74,109975.76,2024-08-03,Completed
130,74,109975.76,2024-11-01,Completed
131,74,109975.76,2025-01-30,Pending
132,75,690.81,2024-12-13,Completed
133,76,415.74,2025-03-01,Completed
134,77,773.95,2025-02-11,Completed
135,78,2152.68,2023-09-18,Completed
136,78,2152.68,2023-12-17,Completed
137,78,2152.68,2024-03-16,Completed
138,78,2152.68,2024-06-14,Completed
139,79,162.08,2024-10-12,Completed
140,79,162.08,2024-11-11,Completed
141,79,162.08,2024-12-11,Completed
142,79,162.08,2025-01-10,Completed
143,79,162.08,2025-02-09,Completed
144,80,372.49,2024-08-06,Completed
145,80,372.49,2024-11-04,Completed
146,80,372.49,2025-02-02,Completed
147,81,510.44,2024-04-24,Completed
148,82,501.48,2024-06-25,Completed
149,83,975.77,2024-12-10,Pending
150,84,718.32,2024-12-07,Completed
151,87,537.84,2024-07-25,Pending
152,88,4246.75,2023-11-09,Completed
153,89,1151.95,2023-04-02,Completed
154,89,1151.95,2023-05-02,Completed
155,89,1151.95,2023-06-01,Completed
156,89,1151.95,2023-07-01,Completed
157,89,1151.95,2023-07-31,Completed
158,89,1151.95,2023-08-30,Completed
159,89,1151.95,2023-09-29,Completed
160,89,1151.95,2023-10-29,Completed
161,89,1151.95,2023-11-28,Completed
162,89,1151.95,2023-12-28,Completed
163,89,1151.95,2024-01-27,Completed
164,89,1151.95,2024-02-26,Completed
165,89,1151.95,2024-03-27,Completed
166,89,1151.95,2024-04-26,Completed
167,89,1151.95,2024-05-26,Completed
168,89,1151.95,2024-06-25,Completed
169,89,1151.95,2024-07-25,Completed
170,89,1151.95,2024-08-24,Completed
171,89,1151.95,2024-09-23,Completed
172,89,1151.95,2024-10-23,Completed
173,89,1151.95,2024-11-22,Completed
174,89,1151.95,2024-12-22,Completed
175,89,1151.95,2025-01-21,Completed
176,89,1151.95,2025-02-20,Completed
177,90,3625.94,2024-08-22,Pending
178,91,19731.05,2024-11-14,Completed
179,94,451.81,2024-03-08,Completed
180,94,451.81,2024-06-06,Completed
181,94,451.81,2024-09-04,Completed
182,94,451.81,2024-12-03,Completed
183,96,156.58,2023-11-17,Completed
184,96,156.58,2023-12-17,Completed
185,96,156.58,2024-01-16,Completed
186,96,156.58,2024-02-15,Completed
187,96,156.58,2024-03-16,Completed
188,96,156.58,2024-04-15,Completed
189,96,156.58,2024-05-15,Completed
190,96,156.58,2024-06-14,Completed
191,96,156.58,2024-07-14,Completed
192,96,156.58,2024-08-13,Completed
193,96,156.58,2024-09-12,Completed
194,96,156.58,2024-10-12,Completed
195,97,455.24,2024-11-05,Completed
196,97,455.24,2025-02-03,Completed
197,98,82653.73,2024-01-30,Completed
198,98,82653.73,2025-01-29,Completed
199,99,4382.54,2024-08-25,Pending
200,101,33182.85,2024-04-24,Completed
201,102,8736.29,2024-02-19,Completed
202,102,8736.29,2024-05-19,Completed
203,102,8736.29,2024-08-17,Completed
204,102,8736.29,2024-11-15,Completed
205,104,632.92,2024-04-05,Completed
206,105,564.1,2024-07-30,Completed
207,105,564.1,2024-10-28,Completed
208,105,564.1,2025-01-26,Completed
209,107,611.86,2024-12-19,Completed
210,109,19318.86,2025-01-09,Pending
211,110,5007.07,2024-09-06,Completed
212,111,844.96,2023-10-29,Completed
213,111,844.96,2024-10-28,Completed
214,112,520.17,2025-02-14,Completed
215,113,348.44,2024-04-26,Completed
216,113,348.44,2024-07-25,Completed
217,113,348.44,2024-10-23,Completed
218,113,348.44,2025-01-21,Pending
219,115,38497.57,2023-04-01,Completed
220,117,1338.72,2024-09-08,Completed
221,117,1338.72,2024-10-08,Completed
222,117,1338.72,2024-11-07,Completed
223,117,1338.72,2024-12-07,Completed
224,117,1338.72,2025-01-06,Completed
225,117,1338.72,2025-02-05,Completed
226,118,2836.66,2025-01-04,Pending
227,121,14923.77,2024-11-28,Completed
228,122,902.38,2024-06-15,Completed
229,125,5251.15,2024-05-23,Completed
230,128,3061.79,2024-09-09,Completed
231,128,3061.79,2024-12-08,Completed
232,129,408.13,2025-02-06,Completed
233,129,408.13,2025-05-07,Completed
234,129,408.13,2025-08-05,Completed
235,129,408.13,2025-11-03,Completed
236,129,408.13,2026-02-01,Completed
237,129,408.13,2026-05-02,Completed
238,129,408.13,2026-07-31,Completed
239,130,396.63,2025-01-26,Completed
240,131,613.46,2024-08-28,Completed
241,132,270.8,2024-08-19,Completed
242,132,270.8,2024-09-18,Completed
243,132,270.8,2024-10-18,Completed
244,132,270.8,2024-11-17,Completed
245,132,270.8,2024-12-17,Completed
246,132,270.8,2025-01-16,Completed
247,132,270.8,2025-02-15,Completed
248,133,295408.98,2025-01-06,Completed
249,134,590.1,2024-09-19,Pending
250,135,293.06,2022-12-13,Completed
251,135,293.06,2023-01-12,Completed
252,135,293.06,2023-02-11,Completed
253,135,293.06,2023-03-13,Completed
254,135,293.06,2023-04-12,Completed
255,135,293.06,2023-05-12,Completed
256,135,293.06,2023-06-11,Completed
257,135,293.06,2023-07-11,Completed
258,135,293.06,2023-08-10,Completed
259,135,293.06,2023-09-09,Completed
260,135,293.06,2023-10-09,Completed
261,135,293.06,2023-11-08,Completed
262,135,293.06,2023-12-08,Completed
263,135,293.06,2024-01-07,Completed
264,135,293.06,2024-02-06,Completed
265,135,293.06,2024-03-07,Completed
266,135,293.06,2024-04-06,Completed
267,135,293.06,2024-05-06,Completed
268,135,293.06,2024-06-05,Completed
269,135,293.06,2024-07-05,Completed
270,135,293.06,2024-08-04,Completed
271,135,293.06,2024-09-03,Completed
272,135,293.06,2024-10-03,Completed
273,135,293.06,2024-11-02,Completed
274,138,185.83,2023-07-12,Completed
275,138,185.83,2023-08-11,Completed
276,138,185.83,2023-09-10,Completed
277,138,185.83,2023-10-10,Completed
278,138,185.83,2023-11-09,Completed
279,138,185.83,2023-12-09,Completed
280,138,185.83,2024-01-08,Completed
281,138,185.83,2024-02-07,Completed
282,138,185.83,2024-03-08,Completed
283,138,185.83,2024-04-07,Completed
284,138,185.83,2024-05-07,Completed
285,138,185.83,2024-06-06,Completed
286,139,1011.58,2024-10-28,Completed
287,139,1011.58,2024-11-27,Completed
288,139,1011.58,2024-12-27,Completed
289,139,1011.58,2025-01-26,Completed
290,139,1011.58,2025-02-25,Completed
291,140,629.93,2025-01-23,Completed
292,141,2781.88,2024-03-22,Completed
293,142,460.2,2024-11-29,Completed
294,143,593.55,2025-02-10,Completed
295,144,954.42,2025-01-19,Pending
296,146,515.51,2023-05-30,Completed
297,146,515.51,2023-08-28,Completed
298,146,515.51,2023-11-26,Completed
299,146,515.51,2024-02-24,Completed
300,146,515.51,2024-05-24,Completed
301,146,515.51,2024-08-22,Completed
302,146,515.51,2024-11-20,Completed
303,146,515.51,2025-02-18,Pending
304,147,10054.03,2024-08-10,Completed
305,147,10054.03,2024-11-08,Completed
306,147,10054.03,2025-02-06,Completed
307,148,12068.32,2025-02-15,Completed
308,148,12068.32,2025-05-16,Completed
309,148,12068.32,2025-08-14,Completed
310,149,20590.3,2025-01-30,Completed
311,151,198456.97,2024-10-06,Completed
312,152,57022.51,2023-03-28,Completed
313,152,57022.51,2023-04-27,Completed
314,152,57022.51,2023-05-27,Completed
315,152,57022.51,2023-06-26,Completed
316,152,57022.51,2023-07-26,Completed
317,152,57022.51,2023-08-25,Completed
318,152,57022.51,2023-09-24,Completed
319,152,57022.51,2023-10-24,Completed
320,152,57022.51,2023-11-23,Completed
321,152,57022.51,2023-12-23,Completed
322,152,57022.51,2024-01-22,Completed
323,152,57022.51,2024-02-21,Completed
324,155,193.96,2024-06-22,Completed
325,155,193.96,2024-07-22,Completed
326,155,193.96,2024-08-21,Completed
327,155,193.96,2024-09-20,Completed
328,155,193.96,2024-10-20,Completed
329,155,193.96,2024-11-19,Completed
330,155,193.96,2024-12-19,Completed
331,155,193.96,2025-01-18,Completed
332,155,193.96,2025-02-17,Pending
333,156,2828.36,2025-02-11,Completed
334,157,684.82,2025-01-13,Completed
335,161,234.53,2024-07-27,Completed
336,161,234.53,2024-08-26,Completed
337,161,234.53,2024-09-25,Completed
338,161,234.53,2024-10-25,Completed
339,161,234.53,2024-11-24,Completed
340,161,234.53,2024-12-24,Completed
341,161,234.53,2025-01-23,Completed
342,161,234.53,2025-02-22,Completed
343,162,1662.79,2023-05-31,Completed
344,162,1662.79,2023-06-30,Completed
345,162,1662.79,2023-07-30,Completed
346,162,1662.79,2023-08-29,Completed
347,162,1662.79,2023-09-28,Completed
348,162,1662.79,2023-10-28,Completed
349,162,1662.79,2023-11-27,Completed
350,162,1662.79,2023-12-27,Completed
351,162,1662.79,2024-01-26,Completed
352,162,1662.79,2024-02-25,Completed
353,162,1662.79,2024-03-26,Completed
354,162,1662.79,2024-04-25,Completed
355,162,1662.79,2024-05-25,Completed
356,162,1662.79,2024-06-24,Completed
357,162,1662.79,2024-07-24,Completed
358,162,1662.79,2024-08-23,Completed
359,162,1662.79,2024-09-22,Completed
360,162,1662.79,2024-10-22,Completed
361,162,1662.79,2024-11-21,Completed
362,162,1662.79,2024-12-21,Completed
363,162,1662.79,2025-01-20,Completed
364,162,1662.79,2025-02-19,Completed
365,163,4115.63,2024-05-12,Completed
366,164,387.46,2023-11-26,Completed
367,164,387.46,2024-02-24,Completed
368,164,387.46,2024-05-24,Completed
369,164,387.46,2024-08-22,Completed
370,165,391.67,2025-01-02,Completed
371,166,305.79,2025-01-29,Completed
372,166,305.79,2025-02-28,Completed
373,167,486.48,2025-01-01,Completed
374,168,439.75,2023-04-03,Completed
375,168,439.75,2023-07-02,Completed
376,168,439.75,2023-09-30,Completed
377,168,439.75,2023-12-29,Completed
378,169,846.61,2025-01-31,Completed
379,170,647.36,2024-11-20,Completed
380,171,846.49,2023-02-14,Completed
381,171,846.49,2024-02-14,Completed
382,172,489.96,2024-09-12,Completed
383,173,18201.79,2024-11-30,Completed
384,174,5285.25,2024-11-26,Completed
385,175,189643.29,2024-06-13,Completed
386,176,2498.06,2023-11-19,Completed
387,176,2498.06,2024-02-17,Completed
388,176,2498.06,2024-05-17,Completed
389,176,2498.06,2024-08-15,Completed
390,176,2498.06,2024-11-13,Completed
391,176,2498.06,2025-02-11,Completed
392,177,10385.49,2024-07-10,Completed
393,177,10385.49,2024-10-08,Completed
394,177,10385.49,2025-01-06,Completed
395,178,526.44,2025-01-30,Completed
396,180,671.78,2024-12-24,Pending
397,182,628.28,2023-02-23,Completed
398,182,628.28,2023-05-24,Completed
399,182,628.28,2023-08-22,Completed
400,182,628.28,2023-11-20,Completed
401,182,628.28,2024-02-18,Completed
402,182,628.28,2024-05-18,Completed
403,182,628.28,2024-08-16,Completed
404,182,628.28,2024-11-14,Completed
405,183,835.85,2024-11-24,Pending
406,184,896.61,2022-08-08,Completed
407,185,944.23,2025-01-14,Completed
408,188,497.91,2023-11-25,Completed
409,189,15752.88,2024-08-20,Completed
410,190,19087.76,2025-02-08,Completed
411,192,430.02,2022-09-04,Completed
412,192,430.02,2022-12-03,Completed
413,192,430.02,2023-03-03,Completed
414,192,430.02,2023-06-01,Completed
415,194,469.67,2025-01-16,Completed
416,195,21605.85,2025-02-06,Completed
417,196,931.87,2024-12-25,Completed
418,197,800.9,2024-06-07,Completed
419,198,338.71,2024-02-27,Completed
420,198,338.71,2024-05-27,Completed
421,198,338.71,2024-08-25,Completed
422,198,338.71,2024-11-23,Completed
423,199,751.36,2025-01-07,Pending
424,200,1167.3,2024-12-24,Completed
425,202,896.7,2023-03-04,Completed
426,202,896.7,2024-03-03,Completed
427,203,1151.69,2024-11-11,Completed
428,204,14874.46,2025-02-15,Completed
429,205,848.14,2024-10-26,Completed
430,206,757.91,2024-08-25,Completed
431,207,1046.75,2024-08-03,Completed
432,208,219.9,2024-09-27,Completed
433,208,219.9,2024-10-27,Completed
434,208,219.9,2024-11-26,Completed
435,208,219.9,2024-12-26,Completed
436,208,219.9,2025-01-25,Completed
437,208,219.9,2025-02-24,Completed
438,209,3139.04,2024-12-01,Completed
439,210,524.98,2024-04-19,Pending
440,212,850.1,2024-08-29,Completed
441,215,255.65,2024-09-16,Completed
442,215,255.65,2024-10-16,Completed
443,215,255.65,2024-11-15,Completed
444,215,255.65,2024-12-15,Completed
445,215,255.65,2025-01-14,Completed
446,215,255.65,2025-02-13,Completed
447,215,255.65,2025-03-15,Completed
448,215,255.65,2025-04-14,Completed
449,215,255.65,2025-05-14,Completed
450,215,255.65,2025-06-13,Completed
451,215,255.65,2025-07-13,Completed
452,215,255.65,2025-08-12,Completed
453,215,255.65,2025-09-11,Completed
454,215,255.65,2025-10-11,Completed
455,215,255.65,2025-11-10,Completed
456,215,255.65,2025-12-10,Completed
457,215,255.65,2026-01-09,Completed
458,216,3392.52,2023-04-06,Completed
459,216,3392.52,2024-04-05,Completed
460,217,562.88,2024-03-06,Completed
461,217,562.88,2024-06-04,Completed
462,217,562.88,2024-09-02,Completed
463,217,562.88,2024-12-01,Completed
464,217,562.88,2025-03-01,Completed
465,218,614.1,2023-02-19,Completed
466,219,18587.41,2023-12-09,Completed
467,219,18587.41,2024-12-08,Completed
468,221,382.56,2024-05-27,Completed
469,221,382.56,2024-08-25,Completed
470,221,382.56,2024-11-23,Completed
471,221,382.56,2025-02-21,Completed
472,223,2513.78,2023-12-12,Completed
473,223,2513.78,2024-03-11,Completed
474,223,2513.78,2024-06-09,Completed
475,223,2513.78,2024-09-07,Completed
476,224,745.57,2024-11-30,Pending
477,225,78082.15,2022-09-21,Completed
478,225,78082.15,2023-09-21,Completed
479,225,78082.15,2024-09-20,Completed
480,226,3248.33,2024-10-08,Completed
481,227,446.4,2023-06-07,Completed
482,227,446.4,2024-06-06,Completed
483,228,814.0,2025-02-19,Completed
484,229,11688.83,2024-06-27,Completed
485,229,11688.83,2024-09-25,Completed
486,229,11688.83,2024-12-24,Completed
487,230,491.51,2024-07-03,Completed
488,230,491.51,2024-10-01,Completed
489,230,491.51,2024-12-30,Completed
490,231,690.43,2024-05-05,Completed
491,232,231965.7,2024-10-24,Completed
492,233,893.47,2024-08-11,Completed
493,236,937.82,2025-01-03,Completed
494,237,15333.74,2025-02-17,Completed
495,240,8948.87,2023-08-19,Completed
496,240,8948.87,2023-11-17,Completed
497,240,8948.87,2024-02-15,Completed
498,240,8948.87,2024-05-15,Completed
499,241,752.57,2024-12-20,Completed
500,242,542.09,2023-11-10,Completed
501,242,542.09,2024-02-08,Completed
502,242,542.09,2024-05-08,Completed
503,242,542.09,2024-08-06,Completed
504,242,542.09,2024-11-04,Completed
505,242,542.09,2025-02-02,Completed
506,244,619.6,2024-12-14,Completed
507,245,245.64,2024-10-10,Completed
508,245,245.64,2024-11-09,Completed
509,245,245.64,2024-12-09,Completed
510,245,245.64,2025-01-08,Completed
511,245,245.64,2025-02-07,Pending
512,246,622.96,2023-03-29,Completed
513,247,373.46,2024-09-16,Completed
514,247,373.46,2024-12-15,Pending
515,248,703.48,2024-12-12,Completed
516,249,974.05,2024-08-23,Completed
517,250,84731.66,2024-05-02,Completed
518,251,460.63,2024-12-27,Completed
519,255,156.98,2024-08-13,Completed
520,255,156.98,2024-09-12,Completed
521,255,156.98,2024-10-12,Completed
522,255,156.98,2024-11-11,Completed
523,255,156.98,2024-12-11,Completed
524,255,156.98,2025-01-10,Completed
525,255,156.98,2025-02-09,Completed
526,256,697339.5,2024-12-22,Pending
527,257,3994.25,2024-08-11,Completed
528,258,483.17,2025-02-11,Completed
529,259,3898.25,2024-08-27,Completed
530,260,157.36,2024-09-26,Completed
531,260,157.36,2024-10-26,Completed
532,260,157.36,2024-11-25,Completed
533,260,157.36,2024-12-25,Completed
534,260,157.36,2025-01-24,Completed
535,260,157.36,2025-02-23,Pending
536,262,129.73,2023-11-27,Completed
537,262,129.73,2023-12-27,Completed
538,262,129.73,2024-01-26,Completed
539,262,129.73,2024-02-25,Completed
540,262,129.73,2024-03-26,Completed
541,262,129.73,2024-04-25,Completed
542,262,129.73,2024-05-25,Completed
543,262,129.73,2024-06-24,Completed
544,262,129.73,2024-07-24,Completed
545,262,129.73,2024-08-23,Completed
546,262,129.73,2024-09-22,Completed
547,262,129.73,2024-10-22,Completed
548,262,129.73,2024-11-21,Completed
549,262,129.73,2024-12-21,Completed
550,262,129.73,2025-01-20,Completed
551,262,129.73,2025-02-19,Completed
552,263,2274.27,2022-12-15,Completed
553,263,2274.27,2023-03-15,Completed
554,263,2274.27,2023-06-13,Completed
555,263,2274.27,2023-09-11,Completed
556,263,2274.27,2023-12-10,Completed
557,263,2274.27,2024-03-09,Completed
558,263,2274.27,2024-06-07,Completed
559,263,2274.27,2024-09-05,Completed
560,266,504.37,2024-08-01,Completed
561,266,504.37,2024-10-30,Completed
562,266,504.37,2025-01-28,Completed
563,267,481.11,2024-02-16,Completed
564,267,481.11,2024-05-16,Completed
565,267,481.11,2024-08-14,Completed
566,267,481.11,2024-11-12,Completed
567,268,612682.86,2023-06-28,Completed
568,268,612682.86,2024-06-27,Completed
569,269,258.5,2024-10-02,Completed
570,269,258.5,2024-11-01,Completed
571,269,258.5,2024-12-01,Completed
572,269,258.5,2024-12-31,Completed
573,269,258.5,2025-01-30,Completed
574,269,258.5,2025-03-01,Completed
575,270,627.17,2024-11-20,Completed
576,271,464.46,2024-02-21,Completed
577,271,464.46,2024-05-21,Completed
578,271,464.46,2024-08-19,Completed
579,271,464.46,2024-11-17,Completed
580,272,1055.5,2024-08-23,Completed
581,273,626.47,2025-04-23,Completed
582,273,626.47,2025-07-22,Completed
583,273,626.47,2025-10-20,Completed
584,273,626.47,2026-01-18,Completed
585,273,626.47,2026-04-18,Completed
586,273,626.47,2026-07-17,Completed
587,273,626.47,2026-10-15,Completed
588,275,546.76,2024-09-24,Pending
589,276,645.49,2024-12-07,Completed
590,277,163051.68,2023-05-07,Completed
591,277,163051.68,2024-05-06,Completed
592,278,4115.65,2024-08-10,Completed
593,279,739.34,2024-12-31,Completed
594,280,342.85,2024-10-18,Completed
595,280,342.85,2025-01-16,Pending
596,281,562.07,2025-02-24,Pending
597,282,208.99,2024-03-19,Completed
598,282,208.99,2024-04-18,Completed
599,282,208.99,2024-05-18,Completed
600,282,208.99,2024-06-17,Completed
601,282,208.99,2024-07-17,Completed
602,282,208.99,2024-08-16,Completed
603,282,208.99,2024-09-15,Completed
604,282,208.99,2024-10-15,Completed
605,282,208.99,2024-11-14,Completed
606,282,208.99,2024-12-14,Completed
607,282,208.99,2025-01-13,Completed
608,282,208.99,2025-02-12,Completed
609,283,7274.2,2025-01-08,Completed
610,284,428.94,2024-12-07,Completed
611,285,475.93,2025-01-08,Completed
612,286,593.57,2024-12-19,Completed
613,287,575.36,2024-01-08,Completed
614,288,814.62,2024-11-02,Completed
615,289,5401.93,2024-11-27,Completed
616,290,2428.13,2024-09-23,Completed
617,290,2428.13,2024-12-22,Completed
618,290,2428.13,2025-03-22,Completed
619,290,2428.13,2025-06-20,Completed
620,290,2428.13,2025-09-18,Completed
621,291,773.81,2023-01-04,Completed
622,291,773.81,2024-01-04,Completed
623,292,2736.33,2024-11-01,Completed
624,293,1108.06,2024-06-24,Completed
625,293,1108.06,2025-06-24,Completed
626,294,984.01,2024-09-12,Completed
627,295,590.56,2024-08-12,Pending
628,296,20842.5,2024-08-06,Pending
629,298,427.8,2024-12-11,Pending
630,299,698.87,2024-12-09,Completed
631,300,272.7,2024-05-17,Completed
632,300,272.7,2024-08-15,Completed
633,300,272.7,2024-11-13,Completed
634,300,272.7,2025-02-11,Completed
635,301,527.5,2025-02-25,Completed
636,303,188.91,2024-09-09,Completed
637,303,188.91,2024-10-09,Completed
638,303,188.91,2024-11-08,Completed
639,303,188.91,2024-12-08,Completed
640,303,188.91,2025-01-07,Completed
641,303,188.91,2025-02-06,Completed
642,304,513.32,2025-02-17,Completed
643,305,285.46,2025-01-01,Completed
644,305,285.46,2025-01-31,Completed
645,306,690.82,2025-01-26,Completed
646,307,354.91,2024-08-12,Completed
647,307,354.91,2024-11-10,Completed
648,307,354.91,2025-02-08,Completed
649,309,674.92,2024-12-29,Pending
650,310,13175.58,2022-10-31,Completed
651,310,13175.58,2023-10-31,Completed
652,310,13175.58,2024-10-30,Completed
653,311,5424.81,2024-12-28,Completed
654,312,398.16,2025-01-01,Pending
655,313,631.34,2024-11-18,Completed
656,314,597.42,2024-10-31,Pending
657,315,200.51,2023-02-05,Completed
658,315,200.51,2023-03-07,Completed
659,315,200.51,2023-04-06,Completed
660,315,200.51,2023-05-06,Completed
661,315,200.51,2023-06-05,Completed
662,315,200.51,2023-07-05,Completed
663,315,200.51,2023-08-04,Completed
664,315,200.51,2023-09-03,Completed
665,315,200.51,2023-10-03,Completed
666,315,200.51,2023-11-02,Completed
667,315,200.51,2023-12-02,Completed
668,315,200.51,2024-01-01,Completed
669,315,200.51,2024-01-31,Completed
670,315,200.51,2024-03-01,Completed
671,315,200.51,2024-03-31,Completed
672,315,200.51,2024-04-30,Completed
673,315,200.51,2024-05-30,Completed
674,315,200.51,2024-06-29,Completed
675,315,200.51,2024-07-29,Completed
676,315,200.51,2024-08-28,Completed
677,315,200.51,2024-09-27,Completed
678,315,200.51,2024-10-27,Completed
679,315,200.51,2024-11-26,Completed
680,315,200.51,2024-12-26,Completed
681,315,200.51,2025-01-25,Completed
682,315,200.51,2025-02-24,Completed
683,316,3167.12,2025-01-10,Completed
684,317,328.07,2025-01-13,Pending
685,318,703.04,2025-02-15,Completed
686,319,1196.78,2024-12-03,Completed
687,320,5876.54,2025-01-15,Completed
688,320,5876.54,2025-02-14,Completed
689,321,19722.74,2023-12-29,Completed
690,321,19722.74,2024-12-28,Completed
691,322,416.5,2025-01-09,Completed
692,323,541.28,2024-12-27,Completed
693,324,493.55,2025-02-02,Completed
694,325,2459.54,2024-10-18,Completed
695,325,2459.54,2025-01-16,Completed
696,327,277.8,2024-02-23,Completed
697,327,277.8,2024-03-24,Completed
698,327,277.8,2024-04-23,Completed
699,327,277.8,2024-05-23,Completed
700,327,277.8,2024-06-22,Completed
701,327,277.8,2024-07-22,Completed
702,327,277.8,2024-08-21,Completed
703,327,277.8,2024-09-20,Completed
704,327,277.8,2024-10-20,Completed
705,327,277.8,2024-11-19,Completed
706,327,277.8,2024-12-19,Completed
707,327,277.8,2025-01-18,Completed
708,327,277.8,2025-02-17,Completed
709,328,815.55,2024-11-30,Completed
710,328,815.55,2025-02-28,Completed
711,329,665.09,2025-01-12,Completed
712,331,241.32,2024-11-04,Completed
713,331,241.32,2024-12-04,Completed
714,331,241.32,2025-01-03,Completed
715,331,241.32,2025-02-02,Completed
716,332,631.87,2024-11-10,Completed
717,332,631.87,2025-02-08,Completed
718,333,713.24,2024-02-04,Completed
719,333,713.24,2025-02-03,Completed
720,336,13021.78,2024-09-06,Completed
721,336,13021.78,2024-12-05,Completed
722,337,177.05,2024-10-21,Completed
723,337,177.05,2024-11-20,Completed
724,337,177.05,2024-12-20,Completed
725,337,177.05,2025-01-19,Completed
726,337,177.05,2025-02-18,Pending
727,339,1935.95,2024-10-08,Completed
728,339,1935.95,2024-11-07,Completed
729,339,1935.95,2024-12-07,Completed
730,339,1935.95,2025-01-06,Completed
731,339,1935.95,2025-02-05,Completed
732,340,3853.88,2024-10-30,Completed
733,342,21138.44,2024-10-09,Completed
734,343,9429.89,2024-09-11,Completed
735,343,9429.89,2024-12-10,Completed
736,344,1238.1,2025-01-02,Completed
737,345,589.23,2025-03-03,Completed
738,347,20966.14,2024-09-02,Completed
739,348,924.17,2025-02-20,Completed
740,349,404.88,2024-09-16,Completed
741,349,404.88,2024-12-15,Pending
742,350,380.65,2024-12-25,Pending
743,351,221.84,2024-09-11,Completed
744,351,221.84,2024-12-10,Completed
745,354,681.3,2024-09-11,Pending
746,355,338320.32,2024-10-07,Completed
747,355,338320.32,2024-11-06,Completed
748,355,338320.32,2024-12-06,Completed
749,355,338320.32,2025-01-05,Completed
750,355,338320.32,2025-02-04,Pending
751,356,900.38,2025-01-28,Pending
752,357,454.33,2024-09-05,Completed
753,358,1703.7,2024-08-25,Completed
754,358,1703.7,2024-11-23,Completed
755,358,1703.7,2025-02-21,Completed
756,359,5243.47,2024-05-28,Completed
757,360,720.18,2024-09-29,Completed
758,361,625.14,2024-12-11,Completed
759,362,68377.75,2025-02-10,Completed
760,363,282.55,2024-11-23,Completed
761,363,282.55,2025-02-21,Pending
762,364,1028.75,2024-12-10,Completed
763,365,5827.14,2025-02-28,Completed
764,366,36154.94,2024-08-10,Completed
765,367,4561.72,2024-09-12,Completed
766,368,774.36,2024-07-10,Completed
767,369,424.97,2024-08-23,Completed
768,369,424.97,2024-11-21,Completed
769,369,424.97,2025-02-19,Completed
770,370,13065.62,2025-02-18,Pending
771,371,774.11,2025-02-26,Completed
772,372,132666.63,2023-11-09,Completed
773,372,132666.63,2024-02-07,Completed
774,372,132666.63,2024-05-07,Completed
775,372,132666.63,2024-08-05,Completed
776,372,132666.63,2024-11-03,Completed
777,372,132666.63,2025-02-01,Pending
778,375,824.95,2024-08-27,Completed
779,376,448.79,2024-07-25,Completed
780,376,448.79,2024-10-23,Completed
781,376,448.79,2025-01-21,Completed
782,378,10040.3,2024-12-19,Completed
783,379,135.95,2023-04-17,Completed
784,379,135.95,2023-05-17,Completed
785,379,135.95,2023-06-16,Completed
786,379,135.95,2023-07-16,Completed
787,379,135.95,2023-08-15,Completed
788,379,135.95,2023-09-14,Completed
789,379,135.95,2023-10-14,Completed
790,379,135.95,2023-11-13,Completed
791,379,135.95,2023-12-13,Completed
792,379,135.95,2024-01-12,Completed
793,379,135.95,2024-02-11,Completed
794,379,135.95,2024-03-12,Completed
795,379,135.95,2024-04-11,Completed
796,379,135.95,2024-05-11,Completed
797,379,135.95,2024-06-10,Completed
798,379,135.95,2024-07-10,Completed
799,379,135.95,2024-08-09,Completed
800,379,135.95,2024-09-08,Completed
801,379,135.95,2024-10-08,Completed
802,379,135.95,2024-11-07,Completed
803,379,135.95,2024-12-07,Completed
804,379,135.95,2025-01-06,Completed
805,379,135.95,2025-02-05,Completed
806,381,14274.87,2025-01-12,Completed
807,382,435.06,2024-12-02,Completed
808,383,2526.15,2023-08-20,Completed
809,383,2526.15,2023-11-18,Completed
810,383,2526.15,2024-02-16,Completed
811,383,2526.15,2024-05-16,Completed
812,384,746.18,2025-02-12,Completed
813,385,679.43,2023-11-11,Completed
814,385,679.43,2024-11-10,Pending
815,386,2929.56,2024-12-05,Completed
816,387,347.76,2024-09-14,Completed
817,387,347.76,2024-12-13,Completed
818,388,518.55,2024-12-31,Pending
819,389,14422.69,2025-01-15,Completed
820,390,2587.2,2025-02-16,Completed
821,391,3731.35,2025-01-14,Completed
822,392,3012.87,2024-07-31,Completed
823,393,539.15,2025-01-02,Completed
824,395,816.62,2025-02-15,Completed
825,396,701.06,2024-12-10,Pending
826,397,62122.0,2025-02-11,Completed
827,398,4467.25,2023-10-17,Completed
828,398,4467.25,2024-10-16,Completed
829,399,289.67,2024-07-07,Completed
830,399,289.67,2024-08-06,Completed
831,399,289.67,2024-09-05,Completed
832,399,289.67,2024-10-05,Completed
833,399,289.67,2024-11-04,Completed
834,399,289.67,2024-12-04,Completed
835,399,289.67,2025-01-03,Completed
836,399,289.67,2025-02-02,Completed
837,400,29078.23,2024-10-17,Pending
838,401,21466.61,2024-02-11,Completed
839,403,707.58,2024-08-23,Completed
840,404,5358.88,2023-06-15,Completed
841,405,2271.08,2024-07-24,Pending
842,409,139.53,2024-01-22,Completed
843,409,139.53,2024-02-21,Completed
844,409,139.53,2024-03-22,Completed
845,409,139.53,2024-04-21,Completed
846,409,139.53,2024-05-21,Completed
847,409,139.53,2024-06-20,Completed
848,409,139.53,2024-07-20,Completed
849,409,139.53,2024-08-19,Completed
850,409,139.53,2024-09-18,Completed
851,409,139.53,2024-10-18,Completed
852,409,139.53,2024-11-17,Completed
853,409,139.53,2024-12-17,Completed
854,409,139.53,2025-01-16,Completed
855,409,139.53,2025-02-15,Pending
856,410,11312.65,2024-10-31,Completed
857,410,11312.65,2025-01-29,Completed
858,411,575.47,2024-06-02,Completed
859,413,159.05,2024-12-08,Completed
860,413,159.05,2025-01-07,Completed
861,413,159.05,2025-02-06,Completed
862,414,415.05,2024-06-16,Completed
863,414,415.05,2024-09-14,Completed
864,414,415.05,2024-12-13,Pending
865,415,861.44,2023-08-29,Completed
866,415,861.44,2024-08-28,Completed
867,416,812.35,2024-04-01,Completed
868,416,812.35,2025-04-01,Completed
869,417,528.16,2024-06-30,Pending
870,418,659.51,2025-02-01,Completed
871,420,365.85,2024-06-10,Completed
872,420,365.85,2024-09-08,Completed
873,420,365.85,2024-12-07,Completed
874,421,294.18,2024-12-14,Completed
875,421,294.18,2025-03-14,Completed
876,422,479.02,2025-03-09,Completed
877,422,479.02,2025-06-07,Completed
878,422,479.02,2025-09-05,Completed
879,423,648.16,2023-12-08,Completed
880,423,648.16,2024-12-07,Completed
881,424,348.97,2024-07-25,Completed
882,424,348.97,2024-10-23,Completed
883,424,348.97,2025-01-21,Completed
884,425,235.48,2024-10-16,Completed
885,425,235.48,2024-11-15,Completed
886,425,235.48,2024-12-15,Completed
887,425,235.48,2025-01-14,Completed
888,425,235.48,2025-02-13,Pending
889,426,486.59,2024-12-04,Completed
890,427,740.89,2024-06-12,Completed
891,428,398.59,2024-04-03,Completed
892,428,398.59,2024-07-02,Completed
893,428,398.59,2024-09-30,Completed
894,428,398.59,2024-12-29,Completed
895,431,2644.71,2023-04-21,Completed
896,432,3226.89,2024-11-13,Completed
897,433,70339.43,2025-02-05,Completed
898,434,669.99,2025-02-11,Completed
899,435,517.48,2024-07-27,Completed
900,436,8262.19,2024-09-20,Completed
901,436,8262.19,2024-10-20,Completed
902,436,8262.19,2024-11-19,Completed
903,436,8262.19,2024-12-19,Completed
904,436,8262.19,2025-01-18,Completed
905,436,8262.19,2025-02-17,Completed
906,438,836.0,2024-11-22,Pending
907,439,850.36,2024-07-09,Completed
908,440,604.72,2025-01-05,Completed
909,442,575.53,2025-01-09,Completed
910,445,19659.2,2023-05-11,Completed
911,445,19659.2,2024-05-10,Completed
912,448,28843.72,2024-09-27,Completed
913,449,2947.11,2023-02-14,Completed
914,449,2947.11,2023-05-15,Completed
915,449,2947.11,2023-08-13,Completed
916,449,2947.11,2023-11-11,Completed
917,452,957.16,2024-01-04,Completed
918,452,957.16,2024-02-03,Completed
919,452,957.16,2024-03-04,Completed
920,452,957.16,2024-04-03,Completed
921,452,957.16,2024-05-03,Completed
922,452,957.16,2024-06-02,Completed
923,452,957.16,2024-07-02,Completed
924,452,957.16,2024-08-01,Completed
925,452,957.16,2024-08-31,Completed
926,452,957.16,2024-09-30,Completed
927,452,957.16,2024-10-30,Completed
928,452,957.16,2024-11-29,Completed
929,452,957.16,2024-12-29,Completed
930,452,957.16,2025-01-28,Completed
931,452,957.16,2025-02-27,Completed
932,455,705.35,2023-12-10,Completed
933,455,705.35,2024-12-09,Completed
934,456,4290.97,2024-10-07,Completed
935,457,3265.16,2024-10-27,Completed
936,458,16987.47,2024-09-25,Completed
937,459,259.99,2024-05-07,Completed
938,459,259.99,2024-06-06,Completed
939,459,259.99,2024-07-06,Completed
940,459,259.99,2024-08-05,Completed
941,459,259.99,2024-09-04,Completed
942,459,259.99,2024-10-04,Completed
943,459,259.99,2024-11-03,Completed
944,459,259.99,2024-12-03,Completed
945,459,259.99,2025-01-02,Completed
946,459,259.99,2025-02-01,Completed
947,460,300422.22,2025-01-15,Completed
948,461,2804.62,2023-01-22,Completed
949,461,2804.62,2023-04-22,Completed
950,461,2804.62,2023-07-21,Completed
951,461,2804.62,2023-10-19,Completed
952,461,2804.62,2024-01-17,Completed
953,461,2804.62,2024-04-16,Completed
954,461,2804.62,2024-07-15,Completed
955,461,2804.62,2024-10-13,Completed
956,462,3186.68,2023-07-14,Completed
957,462,3186.68,2023-10-12,Completed
958,462,3186.68,2024-01-10,Completed
959,462,3186.68,2024-04-09,Completed
960,463,3114.95,2025-02-08,Completed
961,464,786.5,2025-02-16,Completed
962,465,2128.33,2025-01-19,Completed
963,466,1267.8,2024-03-11,Pending
964,467,807.58,2025-02-23,Completed
965,469,12487.26,2024-06-07,Completed
966,469,12487.26,2024-09-05,Completed
967,469,12487.26,2024-12-04,Completed
968,470,789.76,2024-08-20,Completed
969,471,3767.46,2024-10-30,Pending
970,472,61038.36,2025-02-08,Completed
971,474,366.74,2023-05-13,Completed
972,474,366.74,2023-08-11,Completed
973,474,366.74,2023-11-09,Completed
974,474,366.74,2024-02-07,Completed
975,475,16218.61,2025-02-04,Completed
976,476,62926.78,2023-02-22,Completed
977,476,62926.78,2024-02-22,Completed
978,477,318.86,2024-08-26,Completed
979,477,318.86,2024-11-24,Completed
980,477,318.86,2025-02-22,Completed
981,478,215.26,2024-09-04,Completed
982,478,215.26,2024-10-04,Completed
983,478,215.26,2024-11-03,Completed
984,478,215.26,2024-12-03,Completed
985,478,215.26,2025-01-02,Completed
986,478,215.26,2025-02-01,Completed
987,479,803.02,2024-08-05,Pending
988,480,14686.36,2024-01-07,Completed
989,480,14686.36,2024-04-06,Completed
990,480,14686.36,2024-07-05,Completed
991,480,14686.36,2024-10-03,Completed
992,480,14686.36,2025-01-01,Completed
993,481,5997.51,2025-01-22,Completed
994,482,624.32,2025-02-26,Completed
995,483,433725.13,2025-02-12,Completed
996,484,2866.52,2025-01-01,Completed
997,485,659.68,2024-11-16,Completed
998,486,68947.8,2025-02-24,Completed
999,487,2973.48,2024-03-07,Completed
1000,487,2973.48,2024-06-05,Completed
1001,487,2973.48,2024-09-03,Completed
1002,487,2973.48,2024-12-02,Pending
1003,488,690.37,2023-07-18,Completed
1004,488,690.37,2024-07-17,Pending
1005,489,4824.94,2025-01-18,Completed
1006,490,969.16,2024-02-28,Completed
1007,490,969.16,2025-02-27,Completed
1008,491,3194.19,2024-03-16,Completed
1009,491,3194.19,2024-06-14,Completed
1010,491,3194.19,2024-09-12,Completed
1011,491,3194.19,2024-12-11,Completed
1012,492,941.68,2023-02-24,Completed
1013,492,941.68,2024-02-24,Completed
1014,492,941.68,2025-02-23,Completed
1015,493,381.21,2024-09-18,Completed
1016,493,381.21,2024-12-17,Completed
1017,495,456.88,2024-12-27,Pending
1018,496,481.64,2024-08-03,Completed
1019,496,481.64,2024-11-01,Completed
1020,496,481.64,2025-01-30,Pending
1021,497,16919.91,2023-12-17,Completed
1022,497,16919.91,2024-03-16,Completed
1023,497,16919.91,2024-06-14,Completed
1024,497,16919.91,2024-09-12,Completed
1025,498,17608.15,2024-11-02,Completed
1026,498,17608.15,2025-01-31,Pending
1027,499,828.94,2023-12-12,Completed
1028,500,2009.48,2023-12-31,Completed
1029,500,2009.48,2024-03-30,Completed
1030,500,2009.48,2024-06-28,Completed
1031,500,2009.48,2024-09-26,Completed
1032,501,7360.14,2023-11-17,Completed
1033,501,7360.14,2024-11-16,Completed
1034,502,1331.85,2024-10-13,Completed
1035,502,1331.85,2024-11-12,Completed
1036,502,1331.85,2024-12-12,Completed
1037,502,1331.85,2025-01-11,Completed
1038,502,1331.85,2025-02-10,Completed
1039,503,1358.08,2024-07-26,Pending
1040,505,543.97,2024-02-02,Completed
1041,506,1057.73,2024-10-29,Pending
1042,507,185.18,2024-11-27,Completed
1043,507,185.18,2024-12-27,Completed
1044,507,185.18,2025-01-26,Completed
1045,507,185.18,2025-02-25,Completed
1046,508,169.69,2025-01-28,Completed
1047,508,169.69,2025-02-27,Completed
1048,509,682.84,2023-01-14,Completed
1049,509,682.84,2024-01-14,Completed
1050,509,682.84,2025-01-13,Completed
1051,510,524.33,2024-03-06,Completed
1052,511,1041.1,2023-03-27,Completed
1053,511,1041.1,2023-04-26,Completed
1054,511,1041.1,2023-05-26,Completed
1055,511,1041.1,2023-06-25,Completed
1056,511,1041.1,2023-07-25,Completed
1057,511,1041.1,2023-08-24,Completed
1058,511,1041.1,2023-09-23,Completed
1059,511,1041.1,2023-10-23,Completed
1060,511,1041.1,2023-11-22,Completed
1061,511,1041.1,2023-12-22,Completed
1062,511,1041.1,2024-01-21,Completed
1063,511,1041.1,2024-02-20,Completed
1064,511,1041.1,2024-03-21,Completed
1065,511,1041.1,2024-04-20,Completed
1066,511,1041.1,2024-05-20,Completed
1067,511,1041.1,2024-06-19,Completed
1068,511,1041.1,2024-07-19,Completed
1069,511,1041.1,2024-08-18,Completed
1070,511,1041.1,2024-09-17,Completed
1071,511,1041.1,2024-10-17,Completed
1072,511,1041.1,2024-11-16,Completed
1073,511,1041.1,2024-12-16,Completed
1074,511,1041.1,2025-01-15,Completed
1075,511,1041.1,2025-02-14,Pending
1076,512,263.44,2025-02-24,Pending
1077,513,554.92,2024-11-09,Completed
1078,514,836.25,2024-11-03,Completed
1079,515,1014.4,2024-01-05,Completed
1080,515,1014.4,2025-01-04,Pending
1081,517,1008.06,2023-11-15,Completed
1082,518,2545.95,2025-01-24,Pending
1083,519,492.57,2024-11-11,Completed
1084,519,492.57,2025-02-09,Completed
1085,521,110562.06,2024-12-07,Completed
1086,522,508.71,2024-03-16,Completed
1087,524,4757.89,2023-11-05,Completed
1088,525,1381.0,2025-04-20,Completed
1089,526,826.29,2024-11-09,Completed
1090,527,3159.81,2024-06-19,Completed
1091,528,1743.52,2024-11-20,Completed
1092,528,1743.52,2025-02-18,Completed
1093,529,3885.02,2024-06-11,Completed
1094,529,3885.02,2024-07-11,Completed
1095,529,3885.02,2024-08-10,Completed
1096,529,3885.02,2024-09-09,Completed
1097,529,3885.02,2024-10-09,Completed
1098,529,3885.02,2024-11-08,Completed
1099,529,3885.02,2024-12-08,Completed
1100,529,3885.02,2025-01-07,Completed
1101,529,3885.02,2025-02-06,Completed
1102,529,3885.02,2025-03-08,Completed
1103,529,3885.02,2025-04-07,Completed
1104,529,3885.02,2025-05-07,Completed
1105,529,3885.02,2025-06-06,Completed
1106,529,3885.02,2025-07-06,Completed
1107,529,3885.02,2025-08-05,Completed
1108,529,3885.02,2025-09-04,Completed
1109,529,3885.02,2025-10-04,Completed
1110,529,3885.02,2025-11-03,Completed
1111,529,3885.02,2025-12-03,Completed
1112,529,3885.02,2026-01-02,Completed
1113,529,3885.02,2026-02-01,Completed
1114,529,3885.02,2026-03-03,Completed
1115,529,3885.02,2026-04-02,Completed
1116,529,3885.02,2026-05-02,Completed
1117,530,8915.98,2024-07-29,Completed
1118,530,8915.98,2024-08-28,Completed
1119,530,8915.98,2024-09-27,Completed
1120,530,8915.98,2024-10-27,Completed
1121,530,8915.98,2024-11-26,Completed
1122,530,8915.98,2024-12-26,Completed
1123,530,8915.98,2025-01-25,Completed
1124,530,8915.98,2025-02-24,Completed
